[
  { "worktool": "altiris-client-management-suite", "name": "Altiris Client Management Suite" },
  { "worktool": "altiris-server-management-suite", "name": "Altiris Server Management Suite" },
  { "worktool": "backup-exec", "name": "Backup Exec" },
  { "worktool": "control-compliance-suite-(ccs)", "name": "Control Compliance Suite (CCS)" },
  { "worktool": "data-loss-prevention", "name": "Data Loss Prevention" },
  { "worktool": "ecryption-(pgp)", "name": "Ecryption (PGP)" },
  { "worktool": "endpoint-protection", "name": "Endpoint Protection" },
  { "worktool": "enterprise-vault", "name": "Enterprise Vault" },
  { "worktool": "enterprise-vault.cloud", "name": "Enterprise Vault.Cloud" },
  { "worktool": "ibm-maas360-mobile-device-management", "name": "IBM MaaS360 Mobile Device Management" },
  { "worktool": "ibm-tivoli-netcool-omnibus", "name": "IBM Tivoli Netcool Omnibus" },
  { "worktool": "ibm-workload-scheduler", "name": "IBM Workload Scheduler" },
  { "worktool": "ibm-control-desk", "name": "IBM® Control Desk" },
  { "worktool": "ibm-endpoint-manager", "name": "IBM® Endpoint Manager" },
  { "worktool": "ibm-infosphere-datastage-", "name": "IBM® InfoSphere® DataStage® " },
  { "worktool": "ibm-integration-bus", "name": "IBM® Integration Bus" },
  { "worktool": "ibm-mobile-first", "name": "IBM® Mobile First" },
  { "worktool": "ibm-smartcloud-application-performance-management", "name": "IBM® Smartcloud™ Application Performance Management" },
  { "worktool": "ibm-tivoli-application-dependency-discovery-manager", "name": "IBM® Tivoli® Application Dependency Discovery Manager" },
  { "worktool": "ibm-business-process-manager", "name": "IBM® Business Process Manager" },
  { "worktool": "ibm-operational-decision-manager", "name": "IBM® Operational Decision Manager" },
  { "worktool": "ibm-websphere-mq", "name": "IBM® Websphere® MQ" },
  { "worktool": "ibm-websphere-service-registry-and-repository", "name": "IBM® Websphere® Service Registry and Repository" },
  { "worktool": "ibm-websphere-application-server", "name": "IBM® Websphere® Application Server" },
  { "worktool": "maximo-asset-management", "name": "Maximo Asset Management" },
  { "worktool": "netbackup", "name": "Netbackup" },
  { "worktool": "protection-suite", "name": "Protection Suite" }
]